Périodes,,2025,2024,2023,2022,2021,2020,2019,2018,2017
Milieu,Provinces/Préfectures,,,,,,,,,
National,Al Hoceima,48.1,49.1,49.9,52.5,50.5,45.4,48.2,52.3,52.4
,Chefchaouen,58.8,60.1,58.7,60.2,58.7,49.1,52.1,54.6,55.0
,Fahs-Anjra,38.2,41.8,45.5,44.7,41.2,47.0,41.9,48.1,45.8
,Larache,46.1,45.5,46.1,47.5,49.1,46.8,42.5,43.4,42.8
,Ouezzane,47.9,47.8,50.4,52.7,54.8,46.8,43.5,44.9,47.0
,Tanger-Assilah,44.4,46.8,46.8,47.0,45.8,44.8,43.4,42.7,41.9
,Tétouan,46.9,46.7,47.0,49.3,49.7,48.0,47.2,46.8,47.3
,M'Diq-Fnideq,45.3,44.5,45.4,46.3,48.3,47.4,48.1,47.1,46.9
,Berkane,39.8,41.8,42.6,44.5,44.8,42.7,42.8,44.6,45.0
,Driouch,37.8,36.2,38.0,39.6,40.7,41.4,43.2,42.8,43.6
,Figuig,42.5,40.7,43.9,45.8,44.8,41.2,41.1,47.0,48.7
,Guercif,43.3,41.8,42.1,45.5,47.1,48.6,48.4,47.3,49.0
,Jerada,42.9,39.9,39.3,41.1,41.4,40.4,38.2,43.1,44.8
,Nador,40.0,39.7,39.1,40.5,41.9,41.3,43.2,43.9,44.4
,Oujda-Angad,39.4,40.8,39.6,41.6,40.7,41.6,42.1,42.6,44.0
,Taourirt,39.6,38.3,39.1,41.0,42.7,43.9,43.3,43.9,45.4
,Meknès,43.0,43.7,43.5,42.1,43.4,41.1,41.4,40.9,41.2
,Boulemane,37.9,38.1,37.6,39.4,41.2,40.1,41.2,38.1,39.0
,El Hajeb,46.6,47.2,45.7,45.0,44.1,42.6,42.3,43.6,46.1
,Fès,42.4,40.0,39.0,38.9,37.6,39.2,39.0,37.3,36.9
,Ifrane,50.4,48.7,48.1,50.4,48.6,43.3,45.8,47.4,50.4
,Sefrou,39.5,36.0,35.9,37.0,38.4,41.5,44.3,43.1,42.3
,Taounate,43.4,43.6,45.8,48.3,48.1,49.3,51.5,51.4,54.3
,Taza,40.9,39.5,41.0,43.4,42.6,42.9,43.3,44.4,46.5
,Moulay Yacoub,48.1,43.2,43.4,42.8,47.4,49.5,48.1,51.3,49.4
,Kénitra,44.2,44.6,46.5,46.0,46.1,46.0,47.5,49.8,50.6
,Khémisset,39.0,40.1,40.3,42.3,43.1,42.3,45.2,46.3,47.4
,Rabat,43.2,43.3,41.3,41.9,41.2,41.9,42.8,43.1,43.5
,Salé,41.8,42.0,42.9,43.1,43.5,44.0,43.5,43.9,45.0
,Sidi Kacem,42.1,44.1,46.0,46.9,45.8,45.2,48.3,48.8,49.5
,Sidi Slimane,41.6,44.9,45.7,46.0,45.6,45.3,47.2,48.6,49.7
,Skhirate-Témara,44.9,45.4,45.5,45.1,44.4,43.9,45.0,44.6,46.2
,Azilal,28.9,31.3,34.1,40.3,44.0,43.6,45.4,42.6,44.9
,Béni Mellal,37.3,38.3,38.8,40.2,43.0,41.2,42.7,40.7,42.2
,Fquih Ben Salah,41.4,40.8,41.6,42.8,44.0,44.5,46.5,45.8,46.4
,Khénifra,45.0,43.9,42.4,44.1,48.2,44.9,48.0,48.7,49.8
,Khouribga,43.7,43.4,42.6,44.0,44.1,43.9,44.2,44.1,46.3
,Benslimane,46.7,46.7,45.2,45.5,47.8,49.0,57.5,58.8,60.2
,Berrechid,47.6,47.0,45.2,44.6,47.2,46.4,50.5,49.3,49.5
,Casablanca,43.8,43.7,44.2,44.4,45.3,45.0,46.6,45.7,45.8
,El Jadida,51.5,51.8,51.7,54.0,54.5,56.0,57.3,58.6,60.3
,Médiouna,44.4,41.9,44.4,45.3,44.8,42.9,43.4,46.3,48.3
,Mohammadia,43.3,42.6,42.6,42.0,42.5,43.8,42.5,43.1,45.5
,Nouaceur,51.5,50.8,49.7,46.9,49.7,49.5,51.0,49.5,51.1
,Settat,46.6,45.6,46.8,46.1,47.1,49.9,55.1,53.5,52.4
,Sidi Bennour,54.1,55.1,54.0,60.6,60.8,59.0,63.4,67.1,68.5
,Al Haouz,44.9,43.4,45.5,45.3,47.5,46.8,48.5,49.4,49.0
,Chichaoua,39.4,39.2,38.5,42.9,47.1,47.5,49.5,50.5,51.6
,El Kelâa des Sraghna,42.4,43.7,42.2,44.4,45.6,46.5,48.2,48.1,49.5
,Essaouira,44.4,44.6,46.7,48.5,51.1,50.7,53.3,54.0,55.7
,Marrakech,43.9,43.7,43.2,42.5,43.3,43.7,44.5,44.8,44.8
,Rehamna,44.5,44.6,47.0,45.8,48.2,44.7,47.1,47.2,48.8
,Safi,44.6,46.2,46.1,48.7,50.9,50.3,47.8,50.2,49.5
,Youssoufia,40.3,41.2,41.2,46.3,46.7,47.1,46.4,46.8,44.9
,Errachidia,33.8,34.4,36.8,35.8,38.3,35.8,36.1,35.2,35.5
,Midelt,41.0,42.7,45.3,45.1,47.6,46.2,48.2,48.8,47.1
,Ouarzazate,45.3,46.3,46.6,45.8,48.1,45.0,42.8,42.2,42.3
,Tinghir,42.8,43.9,41.2,41.9,43.4,39.5,39.9,42.4,42.6
,Zagora,39.8,39.2,40.2,38.2,42.1,40.0,43.0,36.0,34.8
,Agadir-Ida-Ou-Tanane,41.4,41.7,39.4,38.4,40.8,41.5,41.9,40.7,41.9
,Chtouka-Ait Baha,43.7,43.1,42.8,42.3,45.6,43.6,45.6,49.5,48.3
,Inezgane-Ait Melloul,43.2,43.3,41.7,40.7,41.6,40.7,42.9,41.5,42.4
,Taroudannt,38.3,38.3,37.3,37.4,41.7,43.4,45.4,45.4,45.8
,Tata,34.9,35.0,30.5,29.2,33.0,35.2,36.5,38.0,36.8
,Tiznit,32.6,31.1,32.6,31.6,36.3,36.2,35.8,35.3,36.8
,Assa-Zag,35.3,33.6,31.2,34.1,37.1,42.3,40.2,35.9,32.8
,Guelmim,41.0,38.9,39.6,40.3,43.3,43.2,43.9,41.8,42.6
,Sidi Ifni,39.3,39.7,42.2,39.8,41.8,42.2,46.5,41.5,44.2
,Tan-Tan,43.7,39.9,42.8,42.8,44.2,43.6,43.8,41.3,43.0
,Boujdour,47.9,50.6,50.1,44.1,47.0,51.3,44.4,52.7,45.4
,Es-Semara,40.5,40.0,40.9,38.6,40.0,40.3,39.2,40.6,36.3
,Laâyoune,46.5,45.0,43.7,43.1,40.4,38.6,39.0,40.1,39.1
,Tarfaya,63.6,51.8,35.0,,44.1,,36.4,37.7,43.0
,Oued Ed-Dahab,59.5,61.1,60.5,58.7,54.8,55.2,64.1,69.0,71.9
Urbain,Al Hoceima,39.2,40.6,39.9,41.7,42.5,42.7,43.9,42.9,43.8
,Chefchaouen,44.1,44.9,45.1,44.0,40.9,41.0,43.2,44.6,44.4
,Fahs-Anjra,,,,,,,,,
,Larache,42.9,41.3,42.6,43.2,44.8,42.7,39.5,39.9,39.8
,Ouezzane,38.8,39.0,40.5,43.4,41.9,41.8,40.0,39.4,40.1
,Tanger-Assilah,44.5,46.7,46.8,46.8,45.7,44.5,43.2,42.3,41.3
,Tétouan,43.8,42.6,43.4,45.5,46.0,46.2,44.7,43.8,45.0
,M'Diq-Fnideq,45.2,44.8,45.5,46.5,48.2,47.5,47.7,46.9,46.8
,Berkane,39.1,40.9,41.7,43.1,43.0,41.9,40.7,42.1,41.4
,Driouch,38.2,39.3,37.1,39.6,41.4,40.9,42.3,42.3,44.2
,Figuig,39.9,39.2,39.2,41.8,38.6,38.6,37.5,40.6,40.2
,Guercif,43.7,40.0,38.4,42.7,43.9,43.9,43.7,43.4,43.8
,Jerada,41.7,38.4,37.8,38.0,39.0,36.6,34.9,37.6,38.4
,Nador,39.1,39.2,38.9,39.7,40.8,40.6,42.5,42.5,42.7
,Oujda-Angad,39.2,40.2,38.9,41.1,39.8,40.7,40.6,41.1,42.4
,Taourirt,39.2,37.5,36.7,39.5,40.3,41.4,41.5,41.8,41.3
,Meknès,42.7,43.5,43.4,41.6,43.9,40.3,40.5,40.1,40.0
,Boulemane,35.3,35.7,33.1,31.1,29.9,32.4,32.0,28.0,28.9
,El Hajeb,43.7,43.1,42.7,40.9,41.5,38.2,37.2,40.2,41.9
,Fès,42.3,39.9,38.9,38.9,37.5,38.8,38.7,37.2,36.8
,Ifrane,46.9,45.9,45.6,47.7,45.7,41.3,43.1,42.9,43.8
,Sefrou,37.2,32.8,31.2,32.6,34.8,38.1,38.7,35.8,33.8
,Taounate,35.1,34.2,33.4,35.7,35.7,40.4,40.9,35.8,38.7
,Taza,33.4,32.9,33.1,34.6,34.1,33.7,32.1,31.8,33.5
,Moulay Yacoub,46.4,36.3,36.5,37.1,39.0,39.4,35.9,45.7,44.5
,Kénitra,40.9,41.1,42.5,42.7,43.1,42.1,42.4,43.5,45.0
,Khémisset,36.2,36.4,34.6,34.3,34.5,35.0,35.3,35.4,36.7
,Rabat,43.2,43.3,41.3,41.9,41.2,41.9,42.8,43.1,43.5
,Salé,41.6,41.7,42.8,42.9,43.3,43.9,43.1,43.2,44.3
,Sidi Kacem,39.6,40.4,41.5,41.2,41.4,38.5,39.8,39.3,40.1
,Sidi Slimane,39.5,41.9,42.2,41.7,41.2,43.6,43.9,43.4,43.3
,Skhirate-Témara,45.1,45.4,45.3,45.2,44.6,43.2,44.3,44.0,45.6
,Azilal,28.2,27.7,29.0,31.0,33.8,34.6,35.3,32.0,31.5
,Béni Mellal,34.8,35.1,34.8,37.2,38.6,35.8,37.8,35.5,36.9
,Fquih Ben Salah,39.4,39.4,39.4,38.5,38.5,38.6,39.0,38.3,39.8
,Khénifra,35.0,34.7,33.2,35.6,37.6,32.3,34.7,36.2,38.9
,Khouribga,37.7,38.0,37.0,37.6,37.6,37.4,36.5,35.1,36.9
,Benslimane,45.3,44.4,42.2,42.2,44.9,44.9,48.2,44.6,46.4
,Berrechid,46.0,45.1,41.4,40.5,41.9,41.6,41.8,39.9,41.2
,Casablanca,43.8,43.7,44.2,44.4,45.3,45.0,46.6,45.7,45.8
,El Jadida,46.4,46.9,47.6,48.9,45.9,46.9,46.3,46.9,48.3
,Médiouna,44.0,41.1,43.5,43.9,43.8,42.5,42.6,44.6,46.4
,Mohammadia,43.0,42.1,42.8,41.5,42.0,43.7,42.1,42.3,44.4
,Nouaceur,51.8,51.3,50.5,47.4,49.7,49.5,51.0,49.0,50.6
,Settat,43.8,39.4,38.5,35.2,34.7,37.8,39.8,38.7,37.9
,Sidi Bennour,45.9,48.1,48.0,46.8,48.2,45.6,48.2,48.8,50.5
,Al Haouz,41.0,41.6,42.2,39.3,40.7,40.3,40.9,40.1,38.1
,Chichaoua,37.9,40.1,40.6,38.6,39.5,40.9,44.3,46.1,43.9
,El Kelâa des Sraghna,41.1,40.7,39.4,40.0,40.2,40.4,40.5,41.5,39.5
,Essaouira,45.5,45.2,43.8,43.2,41.8,37.7,39.5,42.3,44.0
,Marrakech,42.8,42.4,41.8,41.0,41.9,42.3,42.8,43.8,43.5
,Rehamna,41.6,41.5,44.0,40.8,41.9,38.7,40.0,39.8,41.2
,Safi,41.7,43.2,41.6,43.8,44.0,44.6,43.7,46.5,44.4
,Youssoufia,40.3,38.6,38.7,40.1,38.3,39.4,35.9,37.6,35.8
,Errachidia,32.6,35.7,37.5,37.7,37.0,35.2,33.8,33.2,33.3
,Midelt,30.7,34.3,37.7,35.1,36.9,34.5,35.4,34.6,34.8
,Ouarzazate,41.7,41.7,41.1,39.9,42.0,37.1,35.9,34.6,36.5
,Tinghir,40.5,41.5,38.5,35.5,37.5,36.3,39.1,39.8,40.8
,Zagora,40.4,36.0,40.6,42.6,41.5,38.1,37.8,37.9,36.5
,Agadir-Ida-Ou-Tanane,41.9,42.2,39.7,38.4,40.4,41.2,41.6,40.5,40.8
,Chtouka-Ait Baha,47.1,47.0,46.9,46.5,46.8,46.4,49.7,54.8,52.1
,Inezgane-Ait Melloul,43.3,43.4,41.9,41.0,41.8,40.6,42.8,41.4,42.4
,Taroudannt,40.4,39.4,38.9,38.6,42.6,43.5,43.4,40.1,41.2
,Tata,38.9,41.9,39.5,34.9,38.3,34.6,36.4,39.9,38.0
,Tiznit,38.4,35.6,37.5,36.7,38.7,39.3,38.1,37.4,35.6
,Assa-Zag,35.3,33.6,31.2,34.1,37.1,42.3,40.2,35.9,32.8
,Guelmim,41.7,41.0,39.9,40.3,42.6,42.8,40.5,39.2,40.5
,Sidi Ifni,35.4,38.2,40.2,42.1,38.8,38.9,37.3,40.6,40.9
,Tan-Tan,43.6,39.9,42.8,43.6,43.9,43.3,43.7,42.2,43.7
,Boujdour,41.6,41.1,41.4,36.8,40.2,41.8,39.0,41.6,39.3
,Es-Semara,40.5,40.0,40.9,38.6,40.0,40.3,39.2,40.6,36.3
,Laâyoune,46.5,45.0,43.7,43.1,40.4,38.6,39.0,40.1,39.1
,Tarfaya,,,,,,,,,
,Oued Ed-Dahab,54.5,54.0,52.2,50.5,50.4,49.8,53.5,56.4,57.4
Rural,Al Hoceima,53.4,54.5,56.0,59.2,55.4,47.2,50.6,57.3,57.0
,Chefchaouen,61.9,63.1,61.4,63.4,62.1,51.0,53.7,56.3,56.6
,Fahs-Anjra,38.2,41.8,45.5,44.7,41.2,47.0,41.9,48.1,45.8
,Larache,50.6,51.5,51.2,53.6,55.5,52.3,46.6,48.3,46.9
,Ouezzane,51.3,51.1,54.0,56.2,59.6,48.8,44.7,46.8,49.3
,Tanger-Assilah,43.5,48.8,46.7,50.9,48.5,50.4,47.2,51.4,51.4
,Tétouan,56.0,59.1,58.3,62.1,61.4,53.7,54.9,55.7,54.2
,M'Diq-Fnideq,47.7,39.1,42.8,42.7,50.3,45.2,54.9,51.6,50.0
,Berkane,41.8,44.0,44.7,47.9,48.9,44.6,47.1,50.0,51.6
,Driouch,37.6,34.3,38.5,39.6,40.4,41.7,43.6,43.0,43.4
,Figuig,47.0,43.1,51.8,52.6,54.0,45.0,46.2,54.3,58.2
,Guercif,42.9,43.2,45.2,48.1,50.0,52.8,52.6,50.8,53.6
,Jerada,46.3,44.4,43.2,48.0,47.2,48.6,45.1,52.3,56.0
,Nador,43.3,41.4,39.9,43.1,45.3,43.4,45.4,48.0,49.0
,Oujda-Angad,42.3,50.7,50.7,49.7,56.3,55.5,62.8,62.4,65.1
,Taourirt,41.1,40.8,46.0,45.2,48.9,50.1,47.7,48.8,55.3
,Meknès,44.6,45.1,44.5,44.9,41.1,45.8,45.9,45.4,47.6
,Boulemane,39.6,39.6,40.4,44.4,48.3,45.3,46.7,43.9,44.8
,El Hajeb,50.1,51.7,49.1,49.3,47.2,47.8,48.0,47.1,50.4
,Fès,45.6,42.8,43.0,39.1,44.1,56.0,54.5,42.2,43.8
,Ifrane,55.7,52.7,51.1,53.9,51.9,45.9,48.9,54.1,60.0
,Sefrou,42.7,40.6,42.7,42.9,43.4,46.1,52.0,52.8,53.6
,Taounate,45.0,45.3,48.0,50.5,50.2,50.9,53.2,53.8,56.8
,Taza,47.5,45.1,47.6,50.8,49.4,51.0,52.4,54.8,56.4
,Moulay Yacoub,48.5,44.4,44.7,43.7,49.0,51.6,50.6,52.4,50.2
,Kénitra,50.0,50.6,53.4,51.7,51.2,52.5,56.0,59.8,59.4
,Khémisset,42.9,45.2,48.1,52.5,53.8,51.4,57.2,60.0,59.8
,Rabat,,,,,,,,,
,Salé,45.8,47.9,44.5,46.3,47.9,46.9,50.4,56.1,59.0
,Sidi Kacem,43.6,46.3,48.5,50.2,48.2,49.3,53.0,54.0,54.6
,Sidi Slimane,43.5,47.4,48.6,49.3,49.3,47.0,50.0,53.1,55.0
,Skhirate-Témara,43.0,44.7,47.4,43.4,42.6,51.2,52.0,51.8,52.8
,Azilal,29.2,32.4,35.7,43.0,46.8,46.1,48.3,45.5,48.5
,Béni Mellal,41.6,43.6,45.3,44.9,50.0,49.5,50.5,48.7,50.1
,Fquih Ben Salah,43.1,41.9,43.4,46.1,48.5,49.0,51.8,51.1,51.0
,Khénifra,62.4,59.9,58.3,59.1,66.7,68.0,70.5,70.2,67.5
,Khouribga,59.1,57.0,57.5,60.7,61.1,61.4,63.9,66.1,68.5
,Benslimane,48.5,49.7,49.1,49.5,51.2,53.4,67.3,71.8,74.9
,Berrechid,50.6,50.4,51.4,51.5,55.8,54.5,63.3,63.1,61.5
,Casablanca,,,,,,,,,
,El Jadida,56.4,56.4,55.5,58.6,62.1,62.7,66.3,67.5,69.4
,Médiouna,45.6,44.3,47.1,49.3,47.5,44.2,45.4,50.0,52.8
,Mohammadia,44.4,44.1,41.7,43.7,44.2,44.1,43.9,45.7,49.0
,Nouaceur,49.0,47.5,44.6,43.5,49.7,49.8,51.0,52.5,54.1
,Settat,48.8,50.4,53.4,54.5,56.3,59.0,65.5,64.0,61.9
,Sidi Bennour,56.8,57.2,56.0,64.8,64.4,63.2,67.7,71.9,73.4
,Al Haouz,45.7,43.8,46.2,46.4,48.8,48.1,50.0,51.1,51.1
,Chichaoua,39.8,38.9,38.1,43.9,48.9,49.1,50.5,51.4,53.3
,El Kelâa des Sraghna,43.0,44.9,43.4,46.2,47.8,49.2,51.4,50.7,53.7
,Essaouira,43.9,44.4,47.8,50.4,54.4,55.7,58.4,58.3,59.7
,Marrakech,46.8,47.3,46.8,46.6,47.2,47.8,49.6,47.7,48.5
,Rehamna,46.1,46.3,48.8,48.6,51.7,48.2,50.7,51.0,52.7
,Safi,47.9,49.7,51.1,54.0,58.4,55.6,52.3,54.6,55.6
,Youssoufia,40.3,43.4,43.5,51.5,53.4,53.5,55.2,54.1,52.1
,Errachidia,35.0,33.0,36.0,33.7,39.6,36.4,38.3,36.8,37.4
,Midelt,49.1,49.7,51.6,53.8,57.0,55.6,57.7,59.5,57.0
,Ouarzazate,48.0,49.9,50.7,50.1,52.6,50.6,48.1,47.9,46.3
,Tinghir,43.7,44.8,42.2,43.9,45.1,40.7,40.1,43.3,43.1
,Zagora,39.6,40.0,40.1,37.3,42.2,40.4,44.2,35.6,34.5
,Agadir-Ida-Ou-Tanane,36.8,36.9,36.6,37.9,43.8,43.6,43.9,41.9,49.5
,Chtouka-Ait Baha,41.6,40.8,40.5,40.1,45.0,42.3,43.7,47.2,46.6
,Inezgane-Ait Melloul,38.1,38.7,38.5,33.9,36.3,42.6,43.3,44.0,43.7
,Taroudannt,37.1,37.6,36.3,36.8,41.2,43.4,46.4,48.1,48.0
,Tata,32.2,30.2,24.1,25.3,29.6,35.6,36.5,37.0,36.1
,Tiznit,27.4,27.2,28.4,27.3,34.3,33.8,34.1,33.9,37.7
,Assa-Zag,,,,,,,,,
,Guelmim,38.3,30.9,38.8,40.3,45.9,44.3,53.6,48.7,48.1
,Sidi Ifni,41.1,40.3,43.0,38.9,43.0,43.6,50.6,41.8,45.5
,Tan-Tan,,,,,,,,,
,Boujdour,,,,,,,,,
,Es-Semara,,,,,,,,,
,Laâyoune,,,,,,,,,
,Tarfaya,,,,,,,,,
,Oued Ed-Dahab,,,,,,78.2,,,
